name,mA_mean,aA_mean,mB_mean,aB_mean,mC_mean,aC_mean,mA_sd,aA_sd,mB_sd,aB_sd,mC_sd,aC_sd
1,7181.86406722689,-0.200436974789916,7177.95317647059,239.868974789916,7171.5512605042,119.734420168067,5.56485781464002,0.0587055844004852,5.26549742901535,0.0462674497125798,6.7300561619156,0.0634031909557751
2,7181.86699159664,-0.200436974789916,NA,NA,7171.54161344538,119.734319327731,5.56472880284594,0.0587055844004852,NA,NA,6.73296620960216,0.063431350239659
3,7181.95539495798,-0.164436974789916,7178.29583193277,239.851226890756,7177.2472605042,119.790621848739,5.27051571302838,0.047948610453023,5.28909017579412,0.0505285508215917,5.40496717838616,0.0501790659705675
4,7181.9548907563,-0.164470588235294,7178.296,239.851226890756,7177.23905882353,119.790621848739,5.27104697637325,0.0479384734306272,5.28902450633841,0.0505285508215917,5.40576423290272,0.0501790659705675
5,7181.82968067227,-0.200201680672269,7178.02258823529,239.868907563025,7171.71435294118,119.736235294118,5.56922230841896,0.0586782198726506,5.25107995010836,0.046294972427194,6.69128243577493,0.0629733862460294
6,7181.81647058824,-0.199764705882353,7178.05922689076,239.868672268908,7171.81724369748,119.737714285714,5.56958043974353,0.0587067395537978,5.24362180919105,0.0463904058899704,6.6673673936401,0.0623148424593902
7,7182.90127731092,-0.154924369747899,7179.80319327731,239.870621848739,7177.92789915966,119.814655462185,5.06092654763777,0.0497652795378049,4.95892271366638,0.0455569641266948,5.21837335131114,0.0494115400021771
8,NA,NA,7175.74090756302,239.789949579832,NA,NA,NA,NA,5.77214665882357,0.0542401582498875,NA,NA
9,NA,NA,7175.73341176471,239.789882352941,NA,NA,NA,NA,5.77313767823399,0.0542276541501096,NA,NA
10,7189.85068907563,-0.0911932773109244,7186.35724369748,239.951092436975,7183.51979831933,119.900067226891,3.16463180286084,0.0283440284612173,3.49756671099899,0.0499964678639115,3.82813197850501,0.00259237894382369
11,7189.83647058823,-0.0912605042016807,7186.34282352941,239.950857142857,7183.50887394958,119.900033613445,3.16843528561093,0.0282460435139318,3.50172905136073,0.0500010567666179,3.83140255045174,0.00183339699405655
12,7178.65334453782,-0.17727731092437,7175.80127731092,239.791092436975,7178.31428571429,119.774521008403,5.85055662753559,0.0494214892262398,5.7589915413238,0.0546245656037226,5.22960067503152,0.0488216648146126
13,NA,NA,7175.79956302521,239.791092436975,NA,NA,NA,NA,5.75930606926212,0.0546245656037226,NA,NA
14,NA,NA,7175.16749579832,239.775058823529,NA,NA,NA,NA,5.73972011236531,0.0488928006311695,NA,NA
15,NA,NA,7175.16507563025,239.774957983193,NA,NA,NA,NA,5.73983535816119,0.0488756218531673,NA,NA
16,NA,NA,NA,NA,7170.96342857143,119.725983193277,NA,NA,NA,NA,6.8900340548206,0.0650422736664911
17,NA,NA,NA,NA,7170.96084033613,119.725983193277,NA,NA,NA,NA,6.89082281772643,0.0650422736664911
18,7178.6334789916,-0.177176470588235,7175.77593277311,239.790588235294,7178.33156302521,119.774521008403,5.85209270854573,0.0493409229973079,5.76542802559152,0.0544473690955293,5.22749206077237,0.0488216648146126
19,7178.61512605042,-0.177109243697479,7175.74443697479,239.789983193277,7178.35183193277,119.774386554622,5.85362070537411,0.0493097598814798,5.77157323816956,0.0542153764870706,5.22518690411234,0.0488889862153241
20,7179.06309243698,-0.175495798319328,7176.04857142857,239.79912605042,7178.17421848739,119.776235294118,5.7836081806792,0.0485971447788725,5.72100130168995,0.0566900506823438,5.24380867701626,0.0490317660990426
21,7179.06278991597,-0.175495798319328,7176.04823529412,239.79912605042,7178.17391596639,119.776235294118,5.78361525299296,0.0485971447788725,5.72116401016746,0.0566900506823438,5.24386136388976,0.0490317660990426
22,7188.76810084034,-0.0972100840336134,7185.22853781513,239.930554621849,7182.58100840336,119.898722689076,3.45631604970133,0.0164711614203023,3.75194668770433,0.0460715828297101,4.06618979556135,0.0112312942220224
23,7188.25321008403,-0.098890756302521,7184.70309243697,239.920773109244,7182.11078991597,119.895462184874,3.59713921131982,0.0104752485641604,3.87336669917454,0.0405751432415407,4.18290560196482,0.0208167097651557
24,7189.36403361345,-0.0942521008403361,7185.84060504202,239.940739495798,7183.11825210084,119.899697478992,3.29303597668245,0.0232794702219873,3.61335763053536,0.0491432075171297,3.93232080458812,0.00549278829916208
25,7178.60877310924,-0.177210084033613,NA,NA,NA,NA,5.85247466100019,0.0493223878988303,NA,NA,NA,NA
26,7178.60342857143,-0.17727731092437,NA,NA,NA,NA,5.85231964852546,0.0492852279919001,NA,NA,NA,NA
27,7177.45149579832,-0.192672268907563,7175.58053781513,239.780470588235,7177.79327731092,119.769915966387,6.04571551936763,0.0540251238666293,5.70349540472391,0.0509998917956873,5.29901862309695,0.0485758130539485
28,7177.39035294118,-0.193680672268908,7175.50678991597,239.779529411765,7177.7363697479,119.768907563025,6.05037675577501,0.0542764246728798,5.70938251506483,0.0506957019399347,5.30460791154742,0.0490458714367163
29,7178.61431932773,-0.177176470588235,7175.74628571429,239.790016806723,7178.34332773109,119.774352941176,5.85265072509594,0.0492727280822098,5.77261688798253,0.0541905625345386,5.22641064303573,0.0489057443089981
30,7178.61317647059,-0.177176470588235,7175.74773109244,239.790016806723,7178.33707563025,119.774319327731,5.85223629315488,0.0492727280822098,5.77309350955784,0.0541905625345386,5.22812220478427,0.0489224735595462
31,7181.9188907563,-0.177478991596639,7178.21425210084,239.861277310924,7174.66023529412,119.766588235294,5.39079074551862,0.0503888458804571,5.26643249913676,0.0488576505057388,5.9926312584621,0.0528249401962436
32,7181.93536134454,-0.179529411764706,7178.19892436975,239.862084033613,7174.35068907563,119.763630252101,5.40336453960552,0.051615922824863,5.2647447716951,0.0485259482150196,6.06341948461988,0.0532873384861951
33,NA,NA,7175.59751260504,239.788336134454,NA,NA,NA,NA,5.8001896170938,0.0542270497122397,NA,NA
34,NA,NA,7175.56820168067,239.787966386555,NA,NA,NA,NA,5.80491790779778,0.0541772125156975,NA,NA
35,7181.90699159664,-0.175831932773109,7178.2254789916,239.859865546218,7174.93492436975,119.769210084034,5.37986840483975,0.0493819091814023,5.26879983923701,0.049162269974037,5.930710691532,0.0521870172278646
36,7180.38779831933,-0.16655462184874,7176.76638655462,239.821109243697,7178.20692436975,119.785008403361,5.55720168894665,0.0476134714240155,5.63182183376486,0.0570348337261572,5.2109294044568,0.0497180171969876
37,NA,NA,7176.7614789916,239.821042016807,NA,NA,NA,NA,5.63387969052669,0.0571185771771531,NA,NA
38,NA,NA,7175.63072268908,239.788739495798,NA,NA,NA,NA,5.79344271241872,0.0543122714891646,NA,NA
39,NA,NA,7175.70067226891,239.789378151261,NA,NA,NA,NA,5.78017967015916,0.0542242150171676,NA,NA
40,7182.87687394958,-0.155126050420168,7179.79082352941,239.870453781513,7177.90736134454,119.814453781513,5.06519795321194,0.0497449031601662,4.96307683145787,0.0456326940798329,5.22211069168193,0.0494029157205759
41,7181.7996302521,-0.200571428571429,7177.89129411765,239.868941176471,7171.48090756303,119.73418487395,5.57383736247007,0.0587616793508378,5.27134035055039,0.0462812253264108,6.73649775480783,0.0633979498100958
42,7181.7996302521,-0.200571428571429,7177.89129411765,239.868941176471,7171.48090756303,119.73418487395,5.57383736247007,0.0587616793508378,5.27134035055039,0.0462812253264108,6.73649775480783,0.0633979498100958
43,7177.50766386555,-0.191731092436975,7175.65186554622,239.781344537815,7177.85136134454,119.77068907563,6.04215145771919,0.0542001349763619,5.69606180527524,0.0513916023141285,5.29354747953982,0.0484601049698734
44,NA,NA,7176.76500840336,239.821075630252,NA,NA,NA,NA,5.6328614607774,0.0570767307113856,NA,NA
45,7181.95667226891,-0.189478991596639,7178.11381512605,239.866218487395,7172.98773109244,119.749411764706,5.4818274413427,0.056401542296537,5.25183357990475,0.047304469545723,6.3826919570812,0.0578023630740568
46,NA,NA,NA,NA,7172.98423529412,119.749378151261,NA,NA,NA,NA,6.3832047465475,0.0578020111083911
47,7181.99065546218,-0.18836974789916,7178.10121008403,239.865949579832,7173.10961344538,119.750588235294,5.46656894214978,0.0556117572505067,5.25737819022011,0.0473958435328212,6.35433240933665,0.0572176867875335
48,7181.92957983193,-0.166050420168067,7178.29858823529,239.852504201681,7176.9425210084,119.788336134454,5.28912287356012,0.0476449137542424,5.28439525820941,0.050347961045092,5.47366290270417,0.0499672517689635
49,7182.02810084034,-0.186655462184874,7178.08793277311,239.865647058824,7173.24090756302,119.751596638655,5.4504773817116,0.054828159285952,5.26392593057759,0.0474966087762767,6.32035097382044,0.0570217928301177
50,7182.07008403361,-0.184773109243697,7178.07455462185,239.865243697479,7173.43031932773,119.753344537815,5.43079519737095,0.0541493546175213,5.27076301550287,0.0476276408394565,6.27574630302504,0.0566499825903267
51,7177.45374789916,-0.193042016806723,NA,NA,NA,NA,6.0614699143167,0.0544766929053668,NA,NA,NA,NA
52,7177.36514285714,-0.194924369747899,NA,NA,NA,NA,6.0820525802727,0.0553565139732573,NA,NA,NA,NA
53,7188.77811764706,-0.0971764705882353,7185.23791596639,239.930789915966,7182.5887394958,119.898756302521,3.45285694300695,0.0165672231417911,3.74907399815502,0.0461702198999322,4.06447006023929,0.0110844153383026
54,7182.03842016807,-0.183663865546218,7178.10336134454,239.864705882353,7173.64235294118,119.755394957983,5.42361082021155,0.053668588321379,5.26921712283815,0.0477964949032483,6.22702160693852,0.0558329689199476
55,7182.00682352941,-0.182352941176471,7178.13458823529,239.863932773109,7173.87327731092,119.758285714286,5.41625773408932,0.0533464190073034,5.26706311815051,0.0480276293303389,6.17315013842574,0.0551736792617085
56,NA,NA,7176.55586554622,239.818554621849,NA,NA,NA,NA,5.69645163643181,0.0573330882714626,NA,NA
57,NA,NA,7176.48957983193,239.817411764706,NA,NA,NA,NA,5.71661463719142,0.0576905648592979,NA,NA
58,7181.97250420168,-0.18090756302521,7178.16440336134,239.862823529412,7174.10739495798,119.761109243697,5.41021136077796,0.0525590889169976,5.2649914154948,0.0483357261102814,6.11987724950974,0.054180758935272
59,7181.29159663866,-0.165747899159664,7177.7225210084,239.839899159664,7177.61878991597,119.78887394958,5.3928821153825,0.0476753159538694,5.41914062390834,0.0522331491053989,5.32800141452687,0.0498205513209632
60,7181.25831932773,-0.165848739495798,7177.6887394958,239.839294117647,7177.63411764706,119.788806722689,5.39969648442892,0.04764187721198,5.42495952690561,0.0524340866118833,5.32672542172969,0.0498054853444092
61,7181.58060504202,-0.201512605042017,NA,NA,NA,NA,5.62764429099304,0.059144293927136,NA,NA,NA,NA
62,7181.55667226891,-0.201680672268908,NA,NA,NA,NA,5.63400322017633,0.0592249783686111,NA,NA,NA,NA
63,7181.62057142857,-0.200974789915966,NA,NA,NA,NA,5.61594967295619,0.059155605926998,NA,NA,NA,NA
64,7182.91226890756,-0.154857142857143,7179.80907563025,239.87068907563,7177.93684033613,119.814756302521,5.05779649401531,0.0497718881424555,4.95598294653742,0.0455264630914056,5.21672412453573,0.0493474510090674
65,7181.14571428571,-0.166084033613445,7177.59321008403,239.837613445378,7177.69536134454,119.788403361345,5.42019446347675,0.0476335731784284,5.44740280543979,0.0532123920010132,5.31179031373665,0.0497806755461406
66,7183.49284033613,-0.148571428571429,7180.01808403361,239.874588235294,7178.27643697479,119.820537815126,4.90319116744038,0.0499879897190264,4.95534284279511,0.0435437253214952,5.15253080691271,0.0493915211250354
67,7183.47105882353,-0.148605042016807,7179.98638655462,239.874218487395,7178.27220168067,119.820504201681,4.91443252019291,0.0499889393427577,4.97163165062434,0.0437505230372904,5.15635592402841,0.0494395070898885
68,NA,NA,NA,NA,7180.59472268908,119.872840336134,NA,NA,NA,NA,4.56835579052857,0.0444857758171696
69,NA,NA,NA,NA,7180.57842016807,119.872605042017,NA,NA,NA,NA,4.57256057515334,0.0446058390316013
70,NA,NA,NA,NA,7180.5948907563,119.872840336134,NA,NA,NA,NA,4.5683033547685,0.0444857758171696
71,7183.56346218487,-0.148100840336134,7180.09465546219,239.875092436975,7178.33048739496,119.821176470588,4.87934857141164,0.0499723183221124,4.92741070627106,0.0432550403274517,5.13750941183734,0.049360000689874
72,7184.65509243697,-0.134050420168067,7181.13035294118,239.88756302521,7179.08719327731,119.838521008403,4.59492206601268,0.0473958435328236,4.71385333794598,0.0330058376201078,4.96442157032047,0.0496981217719386
73,7184.64047058824,-0.134218487394958,7181.11593277311,239.887529411765,7179.07263865546,119.838386554622,4.60025975631237,0.0474520888275025,4.7198020652875,0.0330440657495568,4.97002422689494,0.0497345186740816
74,7184.66934453782,-0.133848739495798,7181.14346218487,239.887663865546,7179.10218487395,119.83868907563,4.59018807576524,0.0473274728695959,4.70744200193471,0.0328906804629115,4.95998093006455,0.0497366548286442
75,7177.56084033613,-0.19109243697479,7175.6942184874,239.782016806723,7177.89663865546,119.771193277311,6.03632714709464,0.0541298768785936,5.69452067832566,0.0516958513710729,5.2894728148048,0.0484503082451181
76,NA,NA,7175.69294117647,239.781915966387,NA,NA,NA,NA,5.6944135416468,0.0516280962265021,NA,NA
77,7178.07909243697,-0.184504201680672,7175.77573109244,239.786857142857,7178.0516302521,119.772773109244,5.94678767414969,0.0524312843203429,5.71202755930172,0.0530068142379318,5.26828929437236,0.048842079245495
78,7177.90894117647,-0.186756302521008,7175.74410084034,239.784907563025,7178.00571428571,119.772235294118,5.97689516206484,0.0532665270592349,5.70571434471674,0.0522922751236153,5.27540010680393,0.0490207924748376
79,7184.69277310924,-0.133613445378151,7181.16494117647,239.887899159664,7179.12369747899,119.838823529412,4.58063798228634,0.0472464935992716,4.69772131245467,0.032619186802338,4.95166412245598,0.0497670510024607
80,7181.52658823529,-0.202016806722689,NA,NA,NA,NA,5.63944422441181,0.0592712387616367,NA,NA,NA,NA
81,7185.03761344538,-0.128605042016807,7181.50463865546,239.891495798319,7179.39152941177,119.844537815126,4.49150513500333,0.0451989211845889,4.62407430844325,0.0278991103007706,4.88621802737259,0.0503142094150846
82,7185.01253781513,-0.128974789915966,7181.48010084034,239.891260504202,7179.36507563025,119.844470588235,4.50518353250624,0.0453721557592235,4.63534206821429,0.0282460435139299,4.89735807612136,0.0503068632468278
83,NA,NA,NA,NA,7177.24598319328,119.790621848739,NA,NA,NA,NA,5.40525067583187,0.0501790659705675
84,7185.06366386555,-0.128336134453782,7181.5301512605,239.89156302521,7179.41825210084,119.844806722689,4.47902013913916,0.0450706083783194,4.61316955752627,0.0277988253633977,4.87526175425173,0.0502089241845485
85,7177.33008403361,-0.194386554621849,7175.43727731092,239.778420168067,7177.68373109244,119.768,6.05390594814468,0.0543849125794029,5.71730392800526,0.0502668561025452,5.30758528223543,0.0492499219120069
86,NA,NA,7175.07902521008,239.803092436975,NA,NA,NA,NA,6.07424560818135,0.0582516789181503,NA,NA
87,7177.07643697479,-0.199563025210084,NA,NA,NA,NA,6.15317257144576,0.0570793049365698,NA,NA,NA,NA
88,7177.07213445378,-0.19963025210084,NA,NA,NA,NA,6.15442662070668,0.0571386581335162,NA,NA,NA,NA
89,NA,NA,7175.14574789916,239.803663865546,NA,NA,NA,NA,6.05736652433455,0.058189634640015,NA,NA
90,NA,NA,NA,NA,7177.20527731092,119.790487394958,NA,NA,NA,NA,5.41516113547322,0.0500866541550639
91,NA,NA,7175.79327731092,239.791025210084,NA,NA,NA,NA,5.76105602226426,0.0546750906514336,NA,NA
92,7179.06228571429,-0.175495798319328,7176.04752941177,239.79912605042,7178.17354621849,119.776201680672,5.78372913286001,0.0485971447788725,5.72143703471055,0.0566900506823438,5.24391690002837,0.0490497427806163
93,7179.05233613445,-0.175495798319328,7176.0388907563,239.798991596639,7178.16349579832,119.776100840336,5.78595281009104,0.0485971447788725,5.72366723560217,0.0567471023168372,5.24669414743201,0.0491034952328403
94,NA,NA,7175.75579831933,239.790554621849,NA,NA,NA,NA,5.77022356466461,0.0544724187964266,NA,NA
95,NA,NA,7175.17478991597,239.775193277311,NA,NA,NA,NA,5.73955907837485,0.0488924538783893,NA,NA
96,NA,NA,7175.17146218487,239.775092436975,NA,NA,NA,NA,5.73958303621043,0.0488755524784333,NA,NA
97,NA,NA,7174.91791596639,239.800605042017,NA,NA,NA,NA,6.12131928518578,0.0582151902922009,NA,NA
98,NA,NA,7174.85794957983,239.799764705882,NA,NA,NA,NA,6.13798763685134,0.0583620730582869,NA,NA
99,NA,NA,7175.18181512605,239.775226890756,NA,NA,NA,NA,5.73955313074622,0.0488751131028302,NA,NA
100,NA,NA,7174.88278991597,239.799899159664,NA,NA,NA,NA,6.13077990860266,0.0583624603782767,NA,NA
101,NA,NA,7174.89368067227,239.800033613445,NA,NA,NA,NA,6.12729188545611,0.0583048957960809,NA,NA
102,7183.03045378151,-0.154218487394958,7179.53647058824,239.868302521008,7177.98309243697,119.810890756303,5.01078530408321,0.0498301013349977,5.03982835545486,0.0465375730618474,5.21739239847555,0.0497712977186343
103,7182.84857142857,-0.155899159663866,7179.32709243697,239.865714285714,7177.8552605042,119.806588235294,5.05333661764927,0.0496591263768805,5.0809253491887,0.0474744016354537,5.25071216142356,0.049648632890479
104,NA,NA,7176.52702521008,239.818588235294,NA,NA,NA,NA,5.69221873497514,0.0573515175589969,NA,NA
105,NA,NA,7176.37317647059,239.817243697479,NA,NA,NA,NA,5.73423277477033,0.0577119156230768,NA,NA
106,NA,NA,7175.18847058823,239.775260504202,NA,NA,NA,NA,5.73977540517119,0.0488577430392685,NA,NA
107,NA,NA,7175.17226890756,239.77512605042,NA,NA,NA,NA,5.7434141748281,0.0489270476900122,NA,NA
108,NA,NA,7174.91509243698,239.800470588235,NA,NA,NA,NA,6.12096654588226,0.058216432834217,NA,NA
109,7177.74087394958,-0.188705882352941,7175.72057142857,239.783630252101,7177.95435294118,119.771697478992,6.00609166575249,0.0535257187836309,5.69986906929026,0.0521004451139688,5.28297315497863,0.0487121561114217
110,7181.86389915966,-0.193008403361345,7178.1491092437,239.866991596639,7172.63899159664,119.746924369748,5.52179586544142,0.0573881614324875,5.23551626021029,0.0470322143098765,6.46711917746573,0.0588769532426005
111,7181.81048739496,-0.196,7178.15623529412,239.867428571429,7172.37072268908,119.744773109244,5.54922075366057,0.0579357991730828,5.22836084962953,0.0468719892874981,6.53110193743919,0.0596341171220718
112,7177.22752941176,-0.195764705882353,7175.26924369748,239.776201680672,7177.5796302521,119.765613445378,6.05796855109849,0.0548478217937627,5.73206321389339,0.0491182472855925,5.31471057392834,0.0496533222278872
113,7177.17791596639,-0.196504201680672,7175.19075630252,239.775327731092,7177.53368067227,119.764504201681,6.0592257123901,0.0549611457105893,5.73949834248391,0.0488917372481881,5.31963300977191,0.0498540023730835
114,NA,NA,7174.93872268908,239.800840336134,NA,NA,NA,NA,6.11434583571529,0.0581833799520519,NA,NA
115,7181.90383193277,-0.19163025210084,7178.13442016807,239.866756302521,7172.76245378151,119.747831932773,5.50601542766631,0.0569972488313942,5.24092565679101,0.0471165845014237,6.43668078111231,0.0585165067509649
116,7177.28638655462,-0.195126050420168,7175.36662184874,239.77774789916,7177.63979831933,119.766857142857,6.05572249484631,0.054456190727084,5.72200402337947,0.0497705256153784,5.31150075863767,0.0493812225424051
117,NA,NA,7175.10722689076,239.803226890756,NA,NA,NA,NA,6.06963610012813,0.0581288074404785,NA,NA
118,NA,NA,7174.97018487395,239.801176470588,NA,NA,NA,NA,6.10524776195101,0.0581775519979167,NA,NA
119,NA,NA,7175.21667226891,239.804403361345,NA,NA,NA,NA,6.03953610138456,0.0583115832566089,NA,NA
120,7177.18554621849,-0.197781512605042,NA,NA,NA,NA,6.12612007483386,0.0564750183810582,NA,NA,NA,NA
121,7177.1571092437,-0.198050420168067,NA,NA,NA,NA,6.13250369699386,0.0566038762095131,NA,NA,NA,NA
122,NA,NA,7174.96487394958,239.801075630252,NA,NA,NA,NA,6.10696624857004,0.0582083946713893,NA,NA
123,7181.47519327731,-0.202890756302521,NA,NA,NA,NA,5.65236258974542,0.0592350347306562,NA,NA,NA,NA
124,NA,NA,7174.96961344538,239.801142857143,NA,NA,NA,NA,6.1052760610746,0.0582071131225552,NA,NA
125,7177.27166386555,-0.196571428571429,NA,NA,NA,NA,6.10645257365125,0.0558754636816293,NA,NA,NA,NA
126,7181.75875630252,-0.198823529411765,7178.15825210084,239.868067226891,7172.09751260504,119.741445378151,5.57540018492221,0.0584658216762937,5.22311204475386,0.0466294560518884,6.59775036534543,0.061147359888783
127,7181.78413445378,-0.199260504201681,7178.12020168067,239.868268907563,7171.98692436975,119.740100840336,5.57334633380123,0.0586739050880348,5.23073581198977,0.0465507831464706,6.62628301157013,0.061547980605187
128,7177.14477310924,-0.197210084033613,7175.14272268908,239.774823529412,7177.47152941177,119.763630252101,6.05995643809067,0.0552150643212738,5.74245974849507,0.0487375330322927,5.32482413149301,0.0500329188115023
129,NA,NA,7175.68608403361,239.78181512605,NA,NA,NA,NA,5.69524819568216,0.0516252282914393,NA,NA
130,NA,NA,7175.63862184874,239.78137815126,NA,NA,NA,NA,5.70179163284114,0.0513710789628869,NA,NA
131,7176.64285714286,-0.206890756302521,7174.53519327731,239.769680672269,7176.77569747899,119.752605042017,6.07021639976492,0.0555244588737309,5.76166415145585,0.0489472103498068,5.37131265515724,0.0521795015122434
132,7176.62591596639,-0.207394957983193,7174.51831932773,239.769613445378,7176.76131092437,119.752235294118,6.06952910450513,0.055368518182928,5.7618750099549,0.0489054900911793,5.37161450558105,0.0523253340466392
133,7179.55078991597,-0.171663865546218,7176.26272268908,239.806957983193,7178.17257142857,119.778621848739,5.70159299003126,0.0469702930396077,5.7004706074742,0.0567737452815603,5.23269819561371,0.0492729574669088
134,7179.40057142857,-0.172470588235294,7176.19011764706,239.804201680672,7178.1668907563,119.777714285714,5.72620332465793,0.0470921101468904,5.70591870115741,0.0565705604463346,5.23743536792444,0.0492460204027356
135,7186.53731092437,-0.105714285714286,7182.97186554622,239.900067226891,7180.59559663866,119.872840336134,4.06930951412975,0.0232154403815792,4.27469742147097,0.00777946174818028,4.56796218451453,0.0444857758171696
136,7185.98292436975,-0.113008403361345,7182.43025210084,239.89818487395,7180.1487394958,119.862554621849,4.22262346693434,0.0336452416114384,4.40288991231912,0.0136015733410864,4.68602899889125,0.0484062918441178
137,7179.71946218487,-0.171025210084034,7176.35005042017,239.810151260504,7178.16789915966,119.779428571429,5.67189069253587,0.046830882006394,5.68759304903857,0.0566773093487587,5.23057344634299,0.0490701314249236
138,7177.33878991597,-0.195394957983193,NA,NA,NA,NA,6.08888774868103,0.0552761330271724,NA,NA,NA,NA
139,7181.64789915966,-0.20053781512605,NA,NA,NA,NA,5.61066822868214,0.0589619333268525,NA,NA,NA,NA
140,7178.61300840336,-0.177176470588235,NA,NA,NA,NA,5.85230073262596,0.0492727280822098,NA,NA,NA,NA
141,7181.67895798319,-0.2,NA,NA,NA,NA,5.60215525492212,0.0589073337916862,NA,NA,NA,NA
142,7181.74127731092,-0.199126050420168,NA,NA,NA,NA,5.58102062704324,0.0585573243273482,NA,NA,NA,NA
143,7178.73018487395,-0.177579831932773,7175.89304201681,239.793411764706,7178.2301512605,119.774722689076,5.83587360894052,0.0495255729622737,5.73850436996302,0.0554703268253943,5.24240076498775,0.0487887800972552
144,7178.68047058824,-0.17727731092437,7175.83512605042,239.792201680672,7178.28494117647,119.774588235294,5.84501164902702,0.0494214892262398,5.75216222986385,0.0548859519131902,5.2340854751811,0.0488567020270898
145,7181.80722689076,-0.199563025210084,7178.08349579832,239.868403361345,7171.88376470588,119.73868907563,5.57015701454886,0.0587055844004854,5.23869197662841,0.046497774445391,6.64952091440837,0.0621755530177169
146,7178.5774789916,-0.179428571428571,7175.88410084034,239.792033613445,7178.1683697479,119.774084033613,5.86333629766261,0.0503552563269642,5.72620593600764,0.054646866082592,5.25150356646234,0.0486256267572707
147,7178.41247058824,-0.180873949579832,7175.83973109244,239.790050420168,7178.13865546218,119.773714285714,5.89126441572583,0.0508889627220964,5.72319117370588,0.0538544341691836,5.2551276596146,0.0485307227439751
148,7181.91805042017,-0.170117647058824,7178.2628907563,239.855798319328,7176.05082352941,119.779663865546,5.3266248517086,0.0472279980602957,5.27894726020484,0.0498736769804138,5.67887564652778,0.0508821437966772
149,7181.91700840336,-0.171294117647059,7178.25045378151,239.856806722689,7175.76242016807,119.77731092437,5.33856618977476,0.0474944432634768,5.27776154658718,0.0497460391868186,5.74433256485023,0.0512076334142832
150,7179.24450420168,-0.173714285714286,7176.12413445378,239.801512605042,7178.17005042017,119.777008403361,5.75217942509033,0.047832850159949,5.71323182360758,0.0565875403545099,5.24049854313926,0.0491603157799489
151,7181.91949579832,-0.168806722689076,7178.27774789916,239.854823529412,7176.36954621849,119.782655462185,5.31307054750863,0.0472700033466328,5.28026253750749,0.0500446416480328,5.60553516697582,0.0507012752994804
152,NA,NA,7176.22077310924,239.806588235294,NA,NA,NA,NA,5.71399773200176,0.0569656115317639,NA,NA
153,NA,NA,7176.20850420168,239.806420168067,NA,NA,NA,NA,5.717777314557,0.0570142999025829,NA,NA
154,7181.59095798319,-0.165243697478992,7177.97781512605,239.84487394958,7177.45354621849,119.789680672269,5.33810031626099,0.0477686306173671,5.36098059232993,0.0513415443858411,5.36284134381037,0.0497917540924915
155,7182.60554621849,-0.158151260504202,7179.04460504202,239.862487394958,7177.68678991597,119.80181512605,5.11255093178141,0.049339388216522,5.1384768647153,0.048423683803455,5.29334671543415,0.0503858625445725
156,7181.91757983193,-0.167361344537815,7178.29220168067,239.853781512605,7176.63048739496,119.785378151261,5.30323557118358,0.0474670683797959,5.2822188142431,0.0501341776743177,5.54515925116727,0.0503316157765848
157,NA,NA,7176.24016806723,239.806756302521,NA,NA,NA,NA,5.70691984061789,0.0569163850645206,NA,NA
158,7178.73018487395,-0.177579831932773,7175.89304201681,239.793411764706,7178.23005042017,119.774722689076,5.83587360894052,0.0495255729622737,5.73850436996302,0.0554703268253943,5.24237729164301,0.0487887800972552
159,7178.24413445378,-0.182756302521008,7175.80682352941,239.788403361345,7178.09542857143,119.773210084034,5.91993870114878,0.0518825114697763,5.71778603682076,0.0536179790932156,5.26311912668574,0.0484974076965767
160,7180.94833613445,-0.168067226890756,NA,NA,NA,NA,5.46678265501111,0.0472739962110368,NA,NA,NA,NA
161,7180.90709243697,-0.168504201680672,NA,NA,NA,NA,5.47583430920223,0.0471759419779403,NA,NA,NA,NA
162,7181.00594957983,-0.167529411764706,NA,NA,NA,NA,5.4530743996097,0.0474052382776797,NA,NA,NA,NA
163,7181.06722689076,-0.166890756302521,NA,NA,NA,NA,5.43873485222625,0.0474952285707392,NA,NA,NA,NA
164,NA,NA,7175.18981512605,239.775294117647,NA,NA,NA,NA,5.73960220071345,0.0489091414568222,NA,NA
165,7184.71068907563,-0.133445378151261,7181.18181512605,239.888201680672,7179.14097478992,119.838957983193,4.5740400813249,0.0471878476269932,4.69155353578382,0.0322642449712209,4.9457261196316,0.0497294960768814
166,7184.32746218487,-0.138689075630252,7180.81606722689,239.883462184874,7178.8651092437,119.83331092437,4.67426838294171,0.0487120168962452,4.77007427650916,0.0371583947428412,5.00842660264952,0.0490970498874703
167,NA,NA,7175.65085714286,239.789109243697,NA,NA,NA,NA,5.79248798467038,0.0542948298275162,NA,NA
168,NA,NA,7175.64692436975,239.789042016807,NA,NA,NA,NA,5.79185098048011,0.0542812972329115,NA,NA
169,7187.59398319328,-0.1,7184.04107563025,239.907495798319,7181.52504201681,119.888033613445,3.77653812125485,0.00449164209266888,4.02708969750316,0.0263367801958082,4.33169627194513,0.0324622621864153
170,7187.05280672269,-0.101680672268908,7183.49781512605,239.901478991597,7181.04521008403,119.882117647059,3.92259821459565,0.0128568320363893,4.1525442002476,0.0123485095574359,4.4516912770911,0.0383268901984385
171,7180.23727731092,-0.16746218487395,7176.67734453781,239.81868907563,7178.20682352941,119.783731092437,5.58450264454163,0.047500891917432,5.64381674565986,0.0571130363604748,5.21390114263807,0.0499245728113238
172,7180.21774789916,-0.167529411764706,7176.66322689076,239.818386554622,7178.20517647059,119.783630252101,5.58708770847389,0.0474761157396692,5.64568075352854,0.0572405566495466,5.21458111270888,0.0499925793999551
173,7183.07680672269,-0.153310924369748,7179.79989915966,239.871025210084,7178.02242016807,119.815226890756,5.00848035589725,0.0498986443953568,4.96849556784707,0.0453721557592224,5.19954587066925,0.0493407168355031
174,7183.07529411765,-0.153310924369748,7179.79993277311,239.871025210084,7178.0214789916,119.815226890756,5.00882389236069,0.0498986443953568,4.96838017964274,0.0453721557592224,5.19975872042648,0.0493407168355031
175,7185.4898487395,-0.122016806722689,7181.94769747899,239.895394957983,7179.75626890756,119.853109243697,4.36108815816799,0.0414429512830638,4.51504999289891,0.0211227472654691,4.78700397494205,0.0499789447792826
176,7182.99142857143,-0.154117647058824,7179.7952605042,239.870857142857,7177.9738487395,119.814823529412,5.03086744465137,0.0498385383043325,4.96292248453079,0.0454496857636722,5.20784563558351,0.0493954111418949
177,7182.87677310924,-0.155126050420168,7179.7908907563,239.870453781513,7177.90729411765,119.814453781513,5.0652150833472,0.0497449031601662,4.96310473268408,0.0456326940798329,5.22207344018415,0.0494029157205759
178,7188.83778151261,-0.0970420168067227,7185.30665546218,239.931596638655,7182.65186554622,119.898857142857,3.43746484278569,0.0169453584837362,3.7346119255754,0.0464977744453909,4.0486129345019,0.0106309727184106
179,7188.8458487395,-0.0970084033613445,7185.31411764706,239.931731092437,7182.65875630252,119.898857142857,3.43515520294251,0.0170384152960966,3.73187559369461,0.0465507831464706,4.04662592431329,0.0106309727184106
180,7181.50174789916,-0.202352941176471,NA,NA,NA,NA,5.64557634345748,0.059315557631962,NA,NA,NA,NA
181,7184.70971428571,-0.133478991596639,7181.18097478992,239.888201680672,7179.14026890756,119.838957983193,4.5742036123979,0.0471996305429853,4.69185945179198,0.0322642449712209,4.94580092609506,0.0497294960768814
182,NA,NA,7175.14423529412,239.774857142857,NA,NA,NA,NA,5.75105904212583,0.0488582288373555,NA,NA
183,7184.70988235294,-0.133478991596639,7181.18107563025,239.888201680672,7179.14043697479,119.838957983193,4.57421905678223,0.0471996305429853,4.69184445150191,0.0322642449712209,4.94581485130137,0.0497294960768814
184,NA,NA,7176.76258823529,239.821075630252,NA,NA,NA,NA,5.63390537145966,0.0570767307113856,NA,NA
185,NA,NA,7176.70826890756,239.820268907563,NA,NA,NA,NA,5.64958046614684,0.0573096242433855,NA,NA
186,NA,NA,7179.96900840336,239.874016806723,NA,NA,NA,NA,4.97981070442575,0.0438615966836518,NA,NA
187,NA,NA,NA,NA,7177.14894117647,119.790084033613,NA,NA,NA,NA,5.42674620431752,0.0500755279975698
188,7182.11546218487,-0.163159663865546,7178.47801680672,239.854352941176,7177.35206722689,119.792974789916,5.23084486250747,0.0482452654194661,5.25318433224081,0.0500877824305598,5.37741062086502,0.0505623158476238
189,7178.8868907563,-0.176504201680672,7175.97801680672,239.796033613445,7178.18447058823,119.775193277311,5.81144514444947,0.0489556147789566,5.72583787178326,0.0563195221977621,5.24759728350899,0.0487547141015471
190,7178.7665210084,-0.177579831932773,7175.93626890756,239.794218487395,7178.2017815126,119.774857142857,5.83131591409628,0.049593420196679,5.73013531849671,0.0556811401547165,5.24713392667974,0.0487203923013402
191,7182.33072268908,-0.161210084033613,7178.72494117647,239.857613445378,7177.49431932773,119.796739495798,5.17824622919392,0.0487353298930515,5.20393872624816,0.049561138776878,5.34234627775023,0.0506128318269457
192,NA,NA,7175.58494117647,239.780840336134,NA,NA,NA,NA,5.70863164342543,0.0513696048375459,NA,NA
193,NA,NA,7175.56026890756,239.780537815126,NA,NA,NA,NA,5.71246186035499,0.0512885067693637,NA,NA
194,7180.59092436975,-0.166420168067227,7176.98729411765,239.825546218487,7178.07213445378,119.785983193277,5.52123841398556,0.0476600224194886,5.58180345686635,0.0559760474370119,5.23832419115247,0.0496981445141084
195,NA,NA,7175.57055462185,239.780672268908,NA,NA,NA,NA,5.71204912797278,0.0514047962816925,NA,NA
196,NA,NA,7175.55885714286,239.78043697479,NA,NA,NA,NA,5.71379670642759,0.0514138761619446,NA,NA
197,NA,NA,NA,NA,7180.52242016807,119.871932773109,NA,NA,NA,NA,4.58724198509904,0.0449403196667483
198,NA,NA,NA,NA,7180.51828571429,119.871798319328,NA,NA,NA,NA,4.58772247021692,0.0450057120771225
199,7180.83095798319,-0.166252100840336,7177.24658823529,239.830453781513,7177.91247058824,119.787193277311,5.47801495721477,0.0475764734076957,5.52375145634822,0.0550138681389697,5.26948069668822,0.0495509894960312
200,7182.42732773109,-0.16036974789916,7178.83737815126,239.859428571429,7177.56077310924,119.798117647059,5.15492100587581,0.0489210873749754,5.18037667272158,0.0491796473895407,5.32441788028547,0.0508484133253279
201,NA,NA,7175.57512605042,239.780739495798,NA,NA,NA,NA,5.70920749413378,0.0513646100983954,NA,NA
202,NA,NA,7175.56998319328,239.780504201681,NA,NA,NA,NA,5.70915360940924,0.0513085124424022,NA,NA
203,NA,NA,NA,NA,7180.52695798319,119.872,NA,NA,NA,NA,4.58720179403257,0.0449074367439995
204,7182.59492436975,-0.158252100840336,7179.03223529412,239.862285714286,7177.67858823529,119.801613445378,5.11502571014669,0.0493226170525764,5.14189638148026,0.0484752626646029,5.29624811913153,0.0505260007578693
205,NA,NA,NA,NA,7180.55751260504,119.872201680672,NA,NA,NA,NA,4.57845123749521,0.0448080378137988
206,7188.8072605042,-0.0970756302521009,7185.27122689076,239.931159663866,7182.61862184874,119.898823529412,3.44562250538267,0.0168517207428512,3.7435664167242,0.0463223811911064,4.05708627070326,0.0107843436940303
207,7188.78248739496,-0.0971428571428571,7185.24265546219,239.930823529412,7182.59357983193,119.898756302521,3.45184753086724,0.0166626632396767,3.74895264557345,0.0461841958231016,4.06351090054731,0.0110844153383026
208,7188.83351260504,-0.0970756302521009,7185.30168067227,239.931529411765,7182.6462184874,119.898857142857,3.43916232867221,0.0168517207428512,3.73577065402866,0.0464711014918254,4.05033623177695,0.0106309727184106
209,7180.87805042017,-0.168773109243697,NA,NA,NA,NA,5.48438440704965,0.0472833673585368,NA,NA,NA,NA
210,7180.86991596639,-0.168974789915966,NA,NA,NA,NA,5.48487856730797,0.0472027673682788,NA,NA,NA,NA
211,7180.86988235294,-0.169008403361345,NA,NA,NA,NA,5.48650117814759,0.0472604382278831,NA,NA,NA,NA
212,7178.75855462185,-0.177680672268908,7175.93203361345,239.794117647059,7178.20228571429,119.774823529412,5.83244005734188,0.04953718770026,5.73005142264884,0.0556403658375379,5.2472660591213,0.0487375330322812
213,NA,NA,7176.26218487395,239.806957983193,NA,NA,NA,NA,5.70059329249644,0.0567737452815603,NA,NA
214,7189.02705882353,-0.0934117647058824,7185.24591596639,239.944235294118,7182.68820168067,119.899731092437,3.37931978471493,0.0248118040074056,3.73402393234165,0.0496749193322427,4.03766796165701,0.0051795234008141
215,NA,NA,7185.22030252101,239.943731092437,NA,NA,NA,NA,3.73768112122986,0.0496137904458412,NA,NA
216,7181.89878991597,-0.173882352941176,7178.23374789916,239.858890756303,7175.19973109244,119.771529411765,5.36776524388083,0.0482395488837349,5.27210215187833,0.049347931986295,5.87027492556402,0.0518602863414621
217,7177.55932773109,-0.19109243697479,NA,NA,NA,NA,6.03679645599083,0.0541298768785936,NA,NA,NA,NA
218,7181.90823529412,-0.172605042016807,7178.24205042017,239.85781512605,7175.4891092437,119.774487394958,5.35333608206731,0.0475962583381374,5.2741916929134,0.0495975678383849,5.80581784886922,0.0514536284767787
219,7183.07858823529,-0.153310924369748,7179.79996638655,239.871058823529,7178.02342857143,119.815226890756,5.00805021310523,0.0498986443953568,4.9686661091331,0.0453565590981255,5.1995090887647,0.0493407168355031
220,NA,NA,NA,NA,7176.77546218487,119.752605042017,NA,NA,NA,NA,5.37125868726378,0.0521795015122434
221,NA,NA,NA,NA,7171.17465546219,119.728605042017,NA,NA,NA,NA,6.83299702617629,0.0647163146880975
222,NA,NA,NA,NA,7171.06921008403,119.72756302521,NA,NA,NA,NA,6.86185276856894,0.0649862432619869
223,NA,NA,NA,NA,7171.29781512605,119.730890756303,NA,NA,NA,NA,6.79939660181173,0.0642873600249465
224,NA,NA,NA,NA,7171.42662184874,119.732638655462,NA,NA,NA,NA,6.76278414147428,0.0639455534907454
225,NA,NA,NA,NA,7176.7636302521,119.752470588235,NA,NA,NA,NA,5.37297857058814,0.0523147488223049
226,NA,NA,NA,NA,7171.45882352941,119.733109243697,NA,NA,NA,NA,6.7554104417248,0.0638085661879632
227,7181.75152941176,-0.199025210084034,NA,NA,NA,NA,5.57773851670353,0.0585844366445691,NA,NA,NA,NA
228,7181.75741176471,-0.198924369747899,NA,NA,NA,NA,5.57568316840316,0.0585539657717301,NA,NA,NA,NA
229,NA,NA,7175.54121008403,239.780235294118,NA,NA,NA,NA,5.71447293774205,0.0512054924068638,NA,NA
230,NA,NA,7175.52890756303,239.780067226891,NA,NA,NA,NA,5.71695098492912,0.0511731456802403,NA,NA
231,NA,NA,7176.60715966387,239.819193277311,NA,NA,NA,NA,5.67907701741438,0.0572693580935288,NA,NA
232,NA,NA,7176.64453781513,239.819596638655,NA,NA,NA,NA,5.66637069079311,0.057250132417885,NA,NA
233,7177.09062184874,-0.199260504201681,NA,NA,NA,NA,6.14798692455279,0.0569877495691508,NA,NA,NA,NA
234,7177.13109243697,-0.198655462184874,NA,NA,NA,NA,6.13840737001122,0.0567401308671421,NA,NA,NA,NA
235,NA,NA,7175.44457142857,239.806924369748,NA,NA,NA,NA,5.98084787474131,0.0580950626910484,NA,NA
236,7178.76537815126,-0.177579831932773,7175.93573109244,239.794218487395,7178.20188235294,119.774823529412,5.83154910922552,0.049593420196679,5.72998964805378,0.0556811401547165,5.24727775385488,0.0487375330322812
237,NA,NA,7175.71035294118,239.809714285714,NA,NA,NA,NA,5.90926122577965,0.0576648747072511,NA,NA
238,7177.21737815126,-0.197344537815126,NA,NA,NA,NA,6.11778778265404,0.0563070583319937,NA,NA,NA,NA
239,7183.18194957983,-0.152436974789916,7179.80440336134,239.871294117647,7178.08141176471,119.815529411765,4.9778683253009,0.0499489717176113,4.97685673874295,0.0452465325130899,5.19163305938811,0.0491437824882581
240,NA,NA,7175.92702521008,239.812235294118,NA,NA,NA,NA,5.85143195658451,0.0577388180894286,NA,NA
241,7183.25721008403,-0.151697478991597,7179.81287394958,239.871630252101,7178.12605042017,119.815966386555,4.95627426816595,0.0499795779783431,4.98116347373059,0.0450867551879627,5.18228940082531,0.0492430825917648
242,NA,NA,7176.14534453781,239.814487394958,NA,NA,NA,NA,5.79318039996624,0.0578288912062224,NA,NA
243,7177.31196638655,-0.195899159663866,NA,NA,NA,NA,6.09410107570102,0.0555281838563717,NA,NA,NA,NA
244,7183.94931092437,-0.143529411764706,7180.45700840336,239.878722689076,7178.59502521008,119.82756302521,4.77720067581836,0.0495878818705027,4.84763308514309,0.0409337311906517,5.07373825663175,0.0492028996143054
245,NA,NA,7176.44097478992,239.816907563025,NA,NA,NA,NA,5.7339435527517,0.0577531257209706,NA,NA
246,NA,NA,7175.52315966387,239.779966386555,NA,NA,NA,NA,5.71927375043377,0.0511666076126377,NA,NA
247,7182.93421848739,-0.154689075630252,7179.81892436975,239.870789915966,7177.95247058823,119.814957983193,5.05309590887454,0.0497880085483556,4.95313764000439,0.0454804868016705,5.21320872130414,0.0492184026492906
248,NA,NA,7174.96863865546,239.801142857143,NA,NA,NA,NA,6.10589261910522,0.0582071131225552,NA,NA
249,NA,NA,7175.67492436975,239.789445378151,NA,NA,NA,NA,5.78721457246301,0.0542373450787771,NA,NA
250,7181.14006722689,-0.166117647058824,NA,NA,NA,NA,5.42142205300886,0.047692761189888,NA,NA,NA,NA
251,NA,NA,7175.7003697479,239.78974789916,NA,NA,NA,NA,5.78285355946998,0.0542023870699372,NA,NA
252,7178.64588235294,-0.177344537815126,NA,NA,NA,NA,5.85123714663903,0.0493843123427014,NA,NA,NA,NA
253,7183.25142857143,-0.151764705882353,7179.80410084034,239.87156302521,7178.12144537815,119.815798319328,4.95754034414349,0.0499772486708382,4.98270951108652,0.0451189563209633,5.18332486790461,0.0492631617893264
254,NA,NA,7175.16268907563,239.774924369748,NA,NA,NA,NA,5.73983527407962,0.0488927775143934,NA,NA
255,NA,NA,7174.82356302521,239.799327731092,NA,NA,NA,NA,6.14600099703259,0.0584450364059517,NA,NA
256,NA,NA,7174.79035294118,239.799092436975,NA,NA,NA,NA,6.15512026068326,0.0585280945758964,NA,NA
257,NA,NA,NA,NA,7176.76302521008,119.752470588235,NA,NA,NA,NA,5.37300948498379,0.0523147488223049
258,7176.71623529412,-0.205882352941176,7174.61885714286,239.770420168067,7176.8698487395,119.754319327731,6.06822691457587,0.0556403658375318,5.75882446493939,0.0486432423556705,5.36617483480968,0.0518714872532457
259,7179.82134453782,-0.170285714285714,7176.41146218487,239.811966386555,7178.17099159664,119.780336134454,5.65508842472056,0.0470846693419431,5.68063047459842,0.0568566805629063,5.22803621525839,0.0494069192215261
260,7176.78860504202,-0.204235294117647,7174.70077310924,239.770890756303,7176.96191596639,119.755764705882,6.06679209121686,0.0558200926954302,5.75580780991428,0.0485122974578677,5.36084885349865,0.0516657149137723
261,7180.05428571429,-0.169042016806723,7176.5668907563,239.81556302521,7178.20470588235,119.782386554622,5.61539826419122,0.0471756784386441,5.65811867199277,0.0572557586687224,5.21756945083882,0.0496018290650541
262,7176.84944537815,-0.202789915966387,7174.77425210084,239.771428571429,7177.04305882353,119.757042016807,6.06576534951235,0.0558207203790064,5.75518384821368,0.04848556719032,5.35619653733618,0.0513763810640341
263,7176.92016806723,-0.201546218487395,7174.85825210084,239.772168067227,7177.13640336134,119.758521008403,6.06332004807345,0.0559592253412511,5.75377174943778,0.0484303587892033,5.35127986614156,0.0512174985497273
264,NA,NA,7174.81300840336,239.799159663866,NA,NA,NA,NA,6.14804320881926,0.0584716208981697,NA,NA
265,7176.99058823529,-0.200235294117647,7174.93993277311,239.772840336134,7177.22914285714,119.759932773109,6.06225815442814,0.0559500548666598,5.75158923643178,0.0485343324418631,5.34515358847872,0.0508964247334327
266,7177.05838655462,-0.199159663865546,7175.01939495798,239.773613445378,7177.31647058824,119.761243697479,6.06083839272126,0.055823899184213,5.74780712873593,0.0485106199667542,5.33987212812377,0.0506228798549039
267,7177.09284033613,-0.19818487394958,7175.06870588235,239.774151260504,7177.37892436975,119.762285714286,6.05978168764657,0.0554682892235794,5.74530879411718,0.0484536673453283,5.3339817507573,0.0503132659305675
268,NA,NA,7174.75801680672,239.798487394958,NA,NA,NA,NA,6.16534466855106,0.0584580884855593,NA,NA
269,NA,NA,7174.7436302521,239.798285714286,NA,NA,NA,NA,6.17084051221505,0.0584525199547308,NA,NA
270,7177.54826890756,-0.191260504201681,NA,NA,NA,NA,6.04018788885255,0.0542503261257391,NA,NA,NA,NA
271,NA,NA,7176.26094117647,239.806957983193,NA,NA,NA,NA,5.70103228552636,0.0567737452815603,NA,NA
272,7181.8425210084,-0.200571428571429,7177.93552941176,239.868941176471,7171.52887394958,119.734117647059,5.56842292977354,0.0587616793508378,5.26784010657362,0.0462812253264108,6.73355302128287,0.0634341654805313
273,7181.89878991597,-0.173882352941176,7178.23374789916,239.858890756303,7175.19973109244,119.771529411765,5.36776524388083,0.0482395488837349,5.27210215187833,0.049347931986295,5.87027492556402,0.0518602863414621
274,7181.89878991597,-0.173882352941176,7178.23374789916,239.858890756303,7175.19973109244,119.771529411765,5.36776524388083,0.0482395488837349,5.27210215187833,0.049347931986295,5.87027492556402,0.0518602863414621
275,7181.93327731092,-0.179529411764706,NA,NA,NA,NA,5.40342569693953,0.051615922824863,NA,NA,NA,NA
276,7181.92957983193,-0.179529411764706,NA,NA,NA,NA,5.40349263669135,0.051615922824863,NA,NA,NA,NA
277,7181.55663865546,-0.201680672268908,NA,NA,NA,NA,5.63397879030459,0.0592249783686111,NA,NA,NA,NA
278,NA,NA,NA,NA,7174.34877310924,119.763630252101,NA,NA,NA,NA,6.06421734588291,0.0532873384861951
279,NA,NA,NA,NA,7174.32574789916,119.763630252101,NA,NA,NA,NA,6.06966859360724,0.0532873384861951
280,7181.84151260504,-0.200571428571429,7177.93448739496,239.868941176471,7171.52773109244,119.734117647059,5.56860927684552,0.0587616793508378,5.2680203298253,0.0462812253264108,6.73355582911869,0.0634341654805313
281,7181.84013445378,-0.200571428571429,7177.93294117647,239.868941176471,7171.52618487395,119.734117647059,5.56873078817755,0.0587616793508378,5.2683008521181,0.0462812253264108,6.7339535087652,0.0634341654805313
282,7187.05152941176,-0.101680672268908,7183.49700840336,239.901478991597,7181.04373109244,119.882117647059,3.92283721680899,0.0128568320363893,4.15281576050304,0.0123485095574359,4.45152628611997,0.0383268901984385
283,7187.0483697479,-0.101680672268908,7183.49401680672,239.901478991597,7181.04057142857,119.882117647059,3.92340628502363,0.0128568320363893,4.15356425234668,0.0123485095574359,4.45203507973991,0.0383268901984385
284,7181.55522689076,-0.201680672268908,NA,NA,NA,NA,5.63421303261806,0.0592249783686111,NA,NA,NA,NA
285,7192.60124369748,-0.0632941176470588,7190.05744537815,239.984974789916,7187.98921008403,119.925142857143,2.30643273106875,0.0482083771606804,2.54820457019543,0.0357378423947605,2.79095375804072,0.0433907283634001
286,7192.04504201681,-0.072,7189.30810084034,239.977210084034,7187.08389915966,119.914588235294,2.47962811831949,0.0449074367439959,2.74193779190126,0.0419547731701017,3.00012658160141,0.0353047572870819
287,7195.04672268908,-0.00484033613445378,7193.34245378151,239.999966386555,7191.95616806723,119.98618487395,1.54447684487357,0.0214653124072235,1.70744917318684,0.00183339699405632,1.8686548603772,0.0345116683450592
288,7193.79589915966,-0.0393613445378151,7191.66094117647,239.997882352941,7189.92564705882,119.954957983193,1.93454508446886,0.0488632947295807,2.13821203210816,0.014399651880755,2.34015365785476,0.0497619408368508
289,7183.13593277311,-0.15236974789916,7179.75882352941,239.871361344538,7178.02900840336,119.815596638655,4.98783485750625,0.049952207411915,4.98575664214284,0.0452148221951627,5.20247233706101,0.0491224810658165
290,7183.12,-0.15236974789916,7179.74131092437,239.871361344538,7178.00857142857,119.815596638655,4.98899393911702,0.049952207411915,4.98600303416371,0.0452148221951627,5.20332944690968,0.0491224810658165
291,7183.56295798319,-0.148100840336134,7180.09381512605,239.875092436975,7178.32921008403,119.821176470588,4.87961455317334,0.0499723183221124,4.92777104147799,0.0432550403274517,5.13827010301579,0.049360000689874
292,7183.18154621849,-0.152436974789916,7179.80393277311,239.871294117647,7178.08033613445,119.815529411765,4.97795600905045,0.0499489717176113,4.97690172384868,0.0452465325130899,5.1919943697902,0.0491437824882581
293,7176.50715966387,-0.207058823529412,7174.39801680672,239.769680672269,7176.61973109244,119.752537815126,6.07400497880674,0.0555336182188977,5.76582172529131,0.0489472103498068,5.37618511934026,0.0522472121952745
294,7176.42551260504,-0.20709243697479,7174.31552941177,239.769680672269,7176.52581512605,119.752571428571,6.07590115509035,0.0554990490471238,5.76678225582849,0.0489472103498068,5.37762548749589,0.0522455680909597
295,7184.63979831933,-0.134218487394958,7181.11505882353,239.887529411765,7179.072,119.838386554622,4.60030216979934,0.0474520888275025,4.71998374912807,0.0330440657495568,4.97025914736148,0.0497345186740816
296,7182.98988235294,-0.154117647058824,7179.79401680672,239.870857142857,7177.97263865546,119.814823529412,5.03100693229485,0.0498385383043325,4.96261319846903,0.0454496857636722,5.20758502162141,0.0493954111418949
297,7181.59952941176,-0.179596638655462,NA,NA,NA,NA,5.45857294613996,0.0516425429423819,NA,NA,NA,NA
298,7188.98665546218,-0.0935798319327731,7185.2072605042,239.943966386555,7182.63606722689,119.899731092437,3.39514964276809,0.0245153067614345,3.7494452928944,0.049642964119484,4.05814332318672,0.0051795234008141
299,7188.67566386555,-0.0928403361344538,7184.89583193277,239.94618487395,7182.28305882353,119.899865546218,3.42447763843212,0.0257862192938146,3.77934553796666,0.0498626166358086,4.09374702224587,0.00366494409613228
300,NA,NA,NA,NA,7170.61905882353,119.725983193277,NA,NA,NA,NA,6.9862293544786,0.0650422736664911
301,NA,NA,NA,NA,7170.58894117647,119.725983193277,NA,NA,NA,NA,6.99500701371765,0.0650422736664911
302,7192.91317647059,-0.0580168067226891,7190.47559663866,239.989512605042,7188.49394957983,119.932033613445,2.20955797159587,0.0493614203433547,2.44222606708147,0.030644244100206,2.67273910592193,0.0466684158204451
303,7181.86305882353,-0.193008403361345,NA,NA,NA,NA,5.52182897357554,0.0573881614324875,NA,NA,NA,NA
304,7181.77109243697,-0.167327731092437,NA,NA,NA,NA,5.3290935482745,0.0474793533232328,NA,NA,NA,NA
305,NA,NA,NA,NA,7173.42514285714,119.753344537815,NA,NA,NA,NA,6.27685995161173,0.0566499825903267
306,NA,NA,NA,NA,7173.39321008403,119.753344537815,NA,NA,NA,NA,6.28333324590684,0.0566499825903267
307,NA,NA,NA,NA,7173.42732773109,119.753344537815,NA,NA,NA,NA,6.27624464879656,0.0566499825903267
308,NA,NA,NA,NA,7173.40843697479,119.753344537815,NA,NA,NA,NA,6.28157761186295,0.0566499825903267
309,7181.86094117647,-0.193008403361345,NA,NA,NA,NA,5.52239560177316,0.0573881614324875,NA,NA,NA,NA
310,NA,NA,NA,NA,7172.73300840336,119.753042016807,NA,NA,NA,NA,6.42178953450024,0.0565482390968611
311,NA,NA,NA,NA,7172.59788235294,119.752974789916,NA,NA,NA,NA,6.44991037662153,0.0565518167009085
312,7198.15230252101,0,7197.51838655462,240,7197.00104201681,120,0.575964945055189,0,0.637054697109285,0,0.697894510941386,0
313,7197.02500840336,0,7196.00191596639,240,7195.17048739496,120,0.929049845956066,0,1.025242779487,0,1.12266627004328,0
314,7176.42598319328,-0.207495798319328,7174.31731092437,239.769579831933,7176.53183193277,119.752235294118,6.07612328788147,0.0553245717309732,5.76693023715854,0.0488501778457472,5.37785177208997,0.0523253340466392
315,7176.41253781513,-0.207596638655462,7174.30467226891,239.769512605042,7176.51280672269,119.752067226891,6.07696551457483,0.0552804063323744,5.7664330557783,0.0488082357053366,5.37851782144207,0.0523964587407839
316,7189.87142857143,-0.0910588235294118,7186.38554621849,239.951294117647,7183.55391596639,119.900067226891,3.15767185378258,0.0285385138716453,3.49072642548859,0.0499916524540178,3.8219243243449,0.00259237894382369
317,7181.91667226891,-0.167361344537815,NA,NA,NA,NA,5.30355900145023,0.0474670683797959,NA,NA,NA,NA
318,7181.80833613445,-0.167361344537815,NA,NA,NA,NA,5.32264431048202,0.0474670683797959,NA,NA,NA,NA
319,7176.64164705882,-0.206890756302521,7174.53391596639,239.769680672269,7176.77472268908,119.752605042017,6.07009243493033,0.0555244588737309,5.76143837231816,0.0489472103498068,5.37149251055309,0.0521795015122434
320,NA,NA,NA,NA,7170.88773109244,119.725983193277,NA,NA,NA,NA,6.90879827998051,0.0650422736664911
321,NA,NA,NA,NA,7170.82201680672,119.725983193277,NA,NA,NA,NA,6.92489072839823,0.0650422736664911
322,7176.62487394958,-0.207394957983193,7174.51741176471,239.769613445378,7176.75986554622,119.752235294118,6.06941186324893,0.055368518182928,5.76190087601066,0.0489054900911793,5.37181641056629,0.0523253340466392
323,7176.5116302521,-0.207394957983193,7174.40393277311,239.769613445378,7176.62978151261,119.752235294118,6.07342811900916,0.055368518182928,5.76521244256619,0.0489054900911793,5.37567253445634,0.0523253340466392
324,NA,NA,NA,NA,7170.85576470588,119.725983193277,NA,NA,NA,NA,6.92044714210746,0.0650422736664911
325,NA,NA,NA,NA,7170.67331092437,119.725983193277,NA,NA,NA,NA,6.97220683039993,0.0650422736664911
326,7184.32601680672,-0.138689075630252,7180.81428571429,239.883462184874,7178.86332773109,119.83331092437,4.67485246411593,0.0487120168962452,4.77029317683796,0.0371583947428412,5.00883916255812,0.0490970498874703
327,7184.29566386555,-0.138689075630252,7180.78423529412,239.883462184874,7178.82877310924,119.833344537815,4.67607390194713,0.0487120168962452,4.76900052955255,0.0371583947428412,5.00980132218605,0.0491084667784241
328,NA,NA,NA,NA,7172.2622184874,119.75287394958,NA,NA,NA,NA,6.51953335632682,0.0564975487059567
329,7184.32699159664,-0.138689075630252,7180.81539495798,239.883462184874,7178.86460504202,119.83331092437,4.67459122835886,0.0487120168962452,4.77008918267438,0.0371583947428412,5.00835760518894,0.0490970498874703
330,NA,NA,NA,NA,7172.1298487395,119.752739495798,NA,NA,NA,NA,6.54897768763732,0.0566231217052585
331,7190.32773109244,-0.0882689075630252,7186.99791596639,239.956201680672,7184.29260504202,119.900403361345,3.01461148003288,0.0321844511383027,3.33374097323025,0.0496222414162531,3.64868159397582,0.00633931717895623
332,7190.02611764706,-0.0902857142857143,7186.59270588235,239.952941176471,7183.80484033613,119.900067226891,3.11015975447027,0.0296201980768991,3.43760561824157,0.0499218107739358,3.76276086143178,0.00259237894382369
333,NA,NA,NA,NA,7173.19630252101,119.753210084034,NA,NA,NA,NA,6.333707482989,0.0565983848528246
334,NA,NA,NA,NA,7172.97361344538,119.753075630252,NA,NA,NA,NA,6.38823783222179,0.0565464202281296
335,NA,NA,NA,NA,7170.95008403361,119.725983193277,NA,NA,NA,NA,6.89405993351112,0.0650422736664911
336,7178.61431932773,-0.177109243697479,NA,NA,NA,NA,5.85366524246937,0.0493097598814798,NA,NA,NA,NA
337,7178.59294117647,-0.177109243697479,NA,NA,NA,NA,5.85630416804348,0.0493097598814798,NA,NA,NA,NA
338,7181.82978151261,-0.200571428571429,7177.92188235294,239.868941176471,7171.51509243697,119.73418487395,5.57038660351059,0.0587616793508378,5.2707439304113,0.0462812253264108,6.73582130240116,0.0633979498100958
339,7186.80816806723,-0.101243697478992,7183.25331092437,239.901882352941,7180.76231932773,119.882722689076,3.97042917578626,0.0110844153383012,4.2003852613914,0.0135924296487299,4.50808009528153,0.0378114558456849
340,7182.98793277311,-0.154117647058824,7179.79226890756,239.870857142857,7177.97058823529,119.814823529412,5.03109419561622,0.0498385383043325,4.96287502448933,0.0454496857636722,5.20777174102191,0.0493954111418949
341,7184.63949579832,-0.134218487394958,7181.11485714286,239.887529411765,7179.07193277311,119.838386554622,4.60048056185796,0.0474520888275025,4.71993594564201,0.0330440657495568,4.9702777105535,0.0497345186740816
342,NA,NA,NA,NA,7174.24379831933,119.763428571429,NA,NA,NA,NA,6.08613257970425,0.0532123070400118
343,7190.90494117647,-0.084672268907563,7187.77448739496,239.962756302521,7185.23354621849,119.901983193277,2.83492706921998,0.0360315162341739,3.13425407698941,0.0483535174460328,3.43021171602332,0.0139445915698427
344,NA,NA,NA,NA,7170.95559663866,119.725983193277,NA,NA,NA,NA,6.89166246551998,0.0650422736664911
345,7189.35922689076,-0.0942521008403361,7185.83240336134,239.940806722689,7183.11230252101,119.899697478992,3.29386768068546,0.0232794702219873,3.61411044695461,0.0491558323352458,3.93337202795939,0.00549278829916208
346,NA,NA,NA,NA,7170.95919327731,119.725983193277,NA,NA,NA,NA,6.89105796767632,0.0650422736664911
347,7181.60003361345,-0.179596638655462,NA,NA,NA,NA,5.4600674829935,0.0516425429423819,NA,NA,NA,NA
348,7181.89878991597,-0.173882352941176,7178.23374789916,239.858890756303,7175.19973109244,119.771529411765,5.36776524388083,0.0482395488837349,5.27210215187833,0.049347931986295,5.87027492556402,0.0518602863414621
349,7181.70645378151,-0.192941176470588,NA,NA,NA,NA,5.55859948855598,0.0573799284500385,NA,NA,NA,NA
350,7181.70453781513,-0.179563025210084,NA,NA,NA,NA,5.44166498424626,0.051661798945972,NA,NA,NA,NA
351,NA,NA,NA,NA,7174.35001680672,119.763630252101,NA,NA,NA,NA,6.06361583160701,0.0532873384861951
352,7200,0,7200,240,7200,120,0,0,0,0,0,0
353,7199.68349579832,0,7199.57731092437,240,7199.48988235294,120,0.0996288399459588,0,0.111688284208825,0,0.122660293851864,0
354,7183.13428571429,-0.15236974789916,7179.75694117647,239.871361344538,7178.02635294118,119.815596638655,4.98849054804452,0.049952207411915,4.98653783412753,0.0452148221951627,5.20354923651437,0.0491224810658165
355,7181.91878991597,-0.177478991596639,NA,NA,NA,NA,5.39078018253027,0.0503888458804571,NA,NA,NA,NA
356,7181.91768067227,-0.177478991596639,NA,NA,NA,NA,5.39092708359688,0.0503888458804571,NA,NA,NA,NA
357,7196.03781512605,0,7194.67438655462,240,7193.56655462185,119.998924369748,1.23536976899485,0,1.36547252518498,0,1.49474783078313,0.0103170646763045
358,7185.48974789916,-0.122016806722689,7181.94742857143,239.895394957983,7179.756,119.853109243697,4.36109524685716,0.0414429512830638,4.51518687520389,0.0211227472654691,4.78710897869551,0.0499789447792826
359,7185.47357983193,-0.122016806722689,7181.93045378151,239.895462184874,7179.73670588235,119.853142857143,4.36485333604561,0.0414429512830638,4.51847737889687,0.0209776155701614,4.79144299043764,0.0499768415962508
360,7183.5148907563,-0.148067226890756,7180.04937815126,239.875159663866,7178.27754621849,119.82131092437,4.90024807366131,0.0499710291140119,4.94596750930359,0.0432159586876606,5.1588362207433,0.0493020806492106
361,7181.78840336134,-0.192974789915966,NA,NA,NA,NA,5.53899272936338,0.0574133454502646,NA,NA,NA,NA
362,7181.80157983193,-0.200571428571429,7177.89388235294,239.868941176471,7171.48413445378,119.73418487395,5.57346070361957,0.0587616793508378,5.27081867218541,0.0462812253264108,6.73566851757774,0.0633979498100958
363,7181.91946218487,-0.168806722689076,7178.27774789916,239.854823529412,7176.36951260504,119.782655462185,5.31308807463876,0.0472700033466328,5.28026253750749,0.0500446416480328,5.60557727339613,0.0507012752994804
364,7181.91909243698,-0.168806722689076,7178.27721008403,239.854823529412,7176.36904201681,119.782655462185,5.31312011055713,0.0472700033466328,5.28036913472503,0.0500446416480328,5.60581162704365,0.0507012752994804
365,7181.55193277311,-0.179563025210084,NA,NA,NA,NA,5.46587156630479,0.051661798945972,NA,NA,NA,NA
366,7181.9021512605,-0.177478991596639,NA,NA,NA,NA,5.39249167391465,0.0503888458804571,NA,NA,NA,NA
367,NA,NA,NA,NA,7172.1298487395,119.752739495798,NA,NA,NA,NA,6.54897768763732,0.0566231217052585
368,NA,NA,NA,NA,7172.76275630252,119.753008403361,NA,NA,NA,NA,6.442766842425,0.0565500379204833
369,7198.99307563025,0,7198.64742857143,240,7198.36628571429,120,0.315715558770011,0,0.348605555626128,0,0.380690828327912,0
370,7182.91243697479,-0.154016806722689,7179.71734453781,239.870957983193,7177.88379831933,119.815092436975,5.03743817829183,0.0498467697768222,4.96893595110292,0.0454032583281399,5.21559399034816,0.0493138855422482
371,7184.62581512605,-0.134218487394958,7181.10090756303,239.887529411765,7179.05529411765,119.838386554622,4.60650169882203,0.0474520888275025,4.72581470897993,0.0330440657495568,4.97658316510525,0.0497345186740816
372,7181.7985210084,-0.200571428571429,7177.89045378151,239.868941176471,7171.47986554622,119.73418487395,5.57444010452739,0.0587616793508378,5.27152738500708,0.0462812253264108,6.73664970208088,0.0633979498100958
373,NA,NA,NA,NA,7174.27801680672,119.763495798319,NA,NA,NA,NA,6.07884981143467,0.0531952908652158
374,7181.624,-0.179596638655462,NA,NA,NA,NA,5.45536163280869,0.0516425429423819,NA,NA,NA,NA
10001,238.694453781513,-0.391831932773109,NA,NA,NA,NA,0.395833413516176,0.118627428110859,NA,NA,NA,NA
10002,235.980470588235,-1.02393277310924,235.795394957983,238.980705882353,235.391966386555,118.847966386555,2.45717970964267,0.584982421911752,2.5447974877859,0.60236379185903,2.72278969523753,0.647047299154547
10003,NA,NA,NA,NA,238.589478991597,119.543092436975,NA,NA,NA,NA,0.379191744944544,0.130071044655003
10004,238.796302521008,-0.419764705882353,NA,NA,NA,NA,0.383695673394696,0.140942446168102,NA,NA,NA,NA
10005,238.516537815126,-0.533142857142857,NA,NA,NA,NA,0.483217451477253,0.174030230936068,NA,NA,NA,NA
10006,232.040773109244,-1.94406722689076,231.779899159664,238.049109243697,230.949042016807,117.839226890756,3.7649734337588,0.884327560474471,3.87041778317589,0.904441543465729,4.18903742595702,0.978730121254958
10007,232.165445378151,-1.91425210084034,231.909983193277,238.079327731092,231.08356302521,117.86843697479,1.41819616346301,0.330543209516123,1.46460062002585,0.336902428938722,1.63023779336726,0.374177525275428
10008,238.318789915966,-0.518521008403361,NA,NA,NA,NA,0.66390756088021,0.197112215331122,NA,NA,NA,NA
10009,NA,NA,NA,NA,237.71287394958,119.204033613445,NA,NA,NA,NA,0.748541942436616,0.27240960485508
10010,237.990722689076,-0.82981512605042,237.837882352941,239.230117647059,237.475697478992,119.038218487395,0.372997430906491,0.129825031391611,0.346410481261395,0.127994014160449,0.393573513080791,0.139294695158353
10011,238.140235294118,-0.639764705882353,NA,NA,NA,NA,0.796384279357804,0.303823336501655,NA,NA,NA,NA
10012,NA,NA,237.928403361345,239.288168067227,NA,NA,NA,NA,0.30436740043464,0.109384036802416,NA,NA
10013,239.347529411765,-0.21727731092437,NA,NA,NA,NA,0.193209662014575,0.0610707699613669,NA,NA,NA,NA
10014,NA,NA,NA,NA,238.41731092437,119.481344537815,NA,NA,NA,NA,0.491671896011105,0.173063910054237
10015,NA,NA,235.43018487395,238.955697478992,NA,NA,NA,NA,1.18530417956316,0.276701757711459,NA,NA
10016,239.568537815126,-0.173882352941176,239.447764705882,239.858890756303,239.345512605042,119.771529411765,0.180464113886219,0.0482395488837349,0.178692323941313,0.049347931986295,0.197800271239425,0.0518602863414621
10017,238.07468907563,-0.764403361344538,237.93468907563,239.246756302521,237.723798319328,119.136134453782,0.350513163719237,0.124260172377431,0.337879820595661,0.123344720521289,0.371158910870934,0.134681304838728
10018,NA,NA,NA,NA,235.959361344538,118.520067226891,NA,NA,NA,NA,1.13508526390744,0.41912580209372
10019,NA,NA,NA,NA,236.811092436975,118.855159663866,NA,NA,NA,NA,1.0798350314833,0.398980838135889
10020,NA,NA,NA,NA,235.083462184874,118.529478991597,NA,NA,NA,NA,2.23244902023333,0.652589042804504
10021,238.310789915966,-0.600873949579832,NA,NA,NA,NA,0.278954506284007,0.0948182130230178,NA,NA,NA,NA
10022,NA,NA,NA,NA,235.182857142857,118.805579831933,NA,NA,NA,NA,1.50229433526408,0.361489937219279
10023,232.33381512605,-2.23838655462185,NA,NA,NA,NA,4.76176623597299,1.3535025493624,NA,NA,NA,NA
10024,NA,NA,NA,NA,234.949647058824,118.515764705882,NA,NA,NA,NA,2.53992842920651,0.734318379139134
10025,NA,NA,236.734151260504,239.084369747899,NA,NA,NA,NA,1.31804891263199,0.382319045406582,NA,NA
10026,NA,NA,236.319865546218,238.650420168067,NA,NA,NA,NA,1.13969402479237,0.42918769350663,NA,NA
10027,NA,NA,237.925949579832,239.280739495798,NA,NA,NA,NA,0.304878895134406,0.110398150119683,NA,NA
10028,NA,NA,238.065008403361,239.336033613445,NA,NA,NA,NA,0.284329207873323,0.101265025849045,NA,NA
10029,NA,NA,NA,NA,236.622890756303,119.008168067227,NA,NA,NA,NA,1.04025098160957,0.303671501166708
10030,NA,NA,237.29243697479,239.050285714286,NA,NA,NA,NA,1.12061441859469,0.420721374743098,NA,NA
10031,NA,NA,237.595428571429,239.150117647059,NA,NA,NA,NA,0.834667850003214,0.309074512175475,NA,NA
10032,NA,NA,234.884773109244,238.525915966387,NA,NA,NA,NA,1.76764999086299,0.510973028750205,NA,NA
10033,NA,NA,237.926487394958,239.281075630252,NA,NA,NA,NA,0.304843656268397,0.110334452095278,NA,NA
10034,236.792739495798,-1.22248739495798,NA,NA,NA,NA,2.13788348322927,0.80163870356596,NA,NA,NA,NA
10035,NA,NA,237.621109243697,239.166823529412,NA,NA,NA,NA,0.572513876132638,0.204748178325357,NA,NA
10036,235.350957983193,-1.7261512605042,NA,NA,NA,NA,1.97844595818654,0.73421644181673,NA,NA,NA,NA
10037,NA,NA,233.396504201681,238.074789915966,NA,NA,NA,NA,2.07942038084532,0.596563021848892,NA,NA
10038,NA,NA,NA,NA,235.453445378151,118.704773109244,NA,NA,NA,NA,1.80558631989701,0.521240896233309
10039,228.229680672269,-4.37418487394958,NA,NA,NA,NA,6.62846385057444,2.30283131762713,NA,NA,NA,NA
10040,NA,NA,238.063932773109,239.335731092437,NA,NA,NA,NA,0.28436031548561,0.101256040649301,NA,NA
10041,238.028302521008,-0.686016806722689,NA,NA,NA,NA,0.31625803042139,0.105590693112502,NA,NA,NA,NA
10042,NA,NA,NA,NA,237.73381512605,119.161075630252,NA,NA,NA,NA,0.902462110507092,0.342364379749976
10043,231.129277310924,-2.62601680672269,230.878084033613,237.35825210084,229.937142857143,117.074084033613,3.46401231039329,0.983171497448936,3.49957203066004,0.993271734915865,3.83043266874911,1.08343458066569
10044,NA,NA,NA,NA,238.003193277311,119.420302521008,NA,NA,NA,NA,0.66401391560433,0.194695741225491
10045,238.895394957983,-0.403327731092437,238.759193277311,239.661344537815,238.478453781513,119.511731092437,0.73434042131658,0.211883867220612,0.703829008822626,0.206269114252554,0.796193213962101,0.229206244783156
10046,232.358756302521,-2.27620168067227,NA,NA,NA,NA,2.6543482615229,0.760750142790049,NA,NA,NA,NA
10047,NA,NA,NA,NA,237.386521008403,119.086386554622,NA,NA,NA,NA,1.20641212945877,0.456831377739485
10048,237.085915966387,-1.05223529411765,NA,NA,NA,NA,1.21707752412415,0.45737718806632,NA,NA,NA,NA
10049,NA,NA,236.390756302521,238.703630252101,NA,NA,NA,NA,1.40656016547414,0.521856133657363,NA,NA
10050,NA,NA,237.802386554622,239.256201680672,NA,NA,NA,NA,0.613886889802027,0.221524247574578,NA,NA
10051,237.439697478992,-0.915159663865546,NA,NA,NA,NA,1.21747554969256,0.45853128705725,NA,NA,NA,NA
10052,235.480806722689,-1.66631932773109,NA,NA,NA,NA,2.99738252008477,1.10704857874241,NA,NA,NA,NA
10053,239.00131092437,-0.339697478991597,238.866285714286,239.724705882353,238.595428571429,119.58225210084,0.735790040014261,0.178672651853065,0.703882129932911,0.171835024381693,0.801674824812529,0.193282367568195
10054,235.788504201681,-1.55744537815126,NA,NA,NA,NA,1.69432444374693,0.63712550741359,NA,NA,NA,NA
10055,NA,NA,235.095663865546,238.587428571429,NA,NA,NA,NA,1.38627799006,0.398277152460397,NA,NA
10056,237.717042016807,-0.806588235294118,NA,NA,NA,NA,0.360763019450526,0.125056638934415,NA,NA,NA,NA
10057,NA,NA,233.249210084034,238.401915966387,NA,NA,NA,NA,3.26236078058656,0.772270575832791,NA,NA
10058,NA,NA,236.331529411765,238.679495798319,NA,NA,NA,NA,1.34935818028956,0.503227392845132,NA,NA
10059,NA,NA,NA,NA,238.658957983193,119.578386554622,NA,NA,NA,NA,0.680306798582582,0.253489603281514
10060,NA,NA,NA,NA,238.234420168067,119.419092436975,NA,NA,NA,NA,0.256951356472604,0.089110431438753
10061,226.133882352941,-3.98389915966387,NA,NA,NA,NA,6.39274830470414,1.75493528024368,NA,NA,NA,NA
10062,236.213411764706,-0.978386554621849,236.105243697479,238.991294117647,235.872705882353,118.899663865546,1.29239861228222,0.310595375654576,1.2530391028944,0.305191858497727,1.41042612542981,0.338158142505577
10063,NA,NA,NA,NA,237.568537815126,119.096672268908,NA,NA,NA,NA,0.886686088231802,0.33735045777229
10064,NA,NA,NA,NA,236.681210084034,118.995226890756,NA,NA,NA,NA,1.49217637388004,0.439367484878251
10065,NA,NA,NA,NA,235.837176470588,118.754756302521,NA,NA,NA,NA,1.56816302291143,0.462991572791453
10066,NA,NA,237.912974789916,239.275831932773,NA,NA,NA,NA,0.305486246898501,0.110832752895773,NA,NA
10067,NA,NA,237.646352941176,239.171025210084,NA,NA,NA,NA,0.346486801143174,0.127705914671089,NA,NA
10068,NA,NA,237.661915966387,239.192638655462,NA,NA,NA,NA,0.965454946922177,0.362605079060774,NA,NA
10069,228.74,-2.74870588235294,228.436806722689,237.226285714286,227.308739495798,116.923764705882,3.11854444173949,0.724871001126453,3.1831421534421,0.740377513517815,3.4403287235372,0.80109412304622
10070,239.297411764706,-0.234823529411765,239.224201680672,239.751697478992,239.290823529412,119.730319327731,0.20868022098305,0.0515798893711392,0.200836749115858,0.0550384341198199,0.18888007669829,0.0569488634298332
10071,236.085411764706,-1.00040336134454,235.911764705882,239.007462184874,235.513109243697,118.876571428571,1.89549131192428,0.450740821857785,1.92684013965111,0.457440299130126,2.07096596951885,0.495818774438016
10072,NA,NA,NA,NA,238.033411764706,119.284067226891,NA,NA,NA,NA,0.530203698464638,0.198535988815505
10073,232.62581512605,-1.82127731092437,232.414655462185,238.177512605042,231.642487394958,117.962319327731,4.27600621122871,1.00574395176369,4.29063982660754,1.01114927808312,4.74285891529669,1.11542435202196
10074,236.895092436975,-0.809310924369748,236.732268907563,239.199159663866,236.430588235294,119.088134453782,2.0923828574262,0.4989336602952,2.13453700197544,0.510365949630183,2.27839303132148,0.549564584700222
10075,NA,NA,236.845983193277,238.890991596639,NA,NA,NA,NA,1.799457205311,0.672632107855747,NA,NA
10076,NA,NA,NA,NA,237.28312605042,118.985546218487,NA,NA,NA,NA,1.38649370868155,0.526774226024225
10077,NA,NA,NA,NA,232.14087394958,117.062588235294,NA,NA,NA,NA,3.49435560469186,1.27141852568196
10078,NA,NA,NA,NA,236.880739495798,119.084201680672,NA,NA,NA,NA,1.33689388633449,0.391322090883694
10079,237.317915966387,-0.825546218487395,237.186352941176,239.144168067227,237.050218487395,119.06087394958,1.21226015091683,0.351229221694051,1.20964876901877,0.352165133270729,1.32834918330431,0.388756630119282
10080,237.217378151261,-1.04242016806723,NA,NA,NA,NA,1.43180694683771,0.546925924886865,NA,NA,NA,NA
10081,236.044100840336,-1.46218487394958,NA,NA,NA,NA,1.51676064957732,0.569050400709096,NA,NA,NA,NA
10082,236.567025210084,-1.30974789915966,NA,NA,NA,NA,1.76615562937278,0.668223238806536,NA,NA,NA,NA
10083,237.66712605042,-0.614857142857143,237.526420168067,239.400235294118,237.252571428571,119.303159663866,1.29344799253459,0.309262586006569,1.27216110293433,0.305811143868608,1.43137551103414,0.340413085800794
10084,232.388974789916,-1.88581512605042,232.159428571429,238.106789915966,231.402655462185,117.889579831933,3.67927630110899,0.869717969869989,3.73075393076526,0.883062403060635,4.0480531997599,0.957934510018386
10085,237.779831932773,-0.596033613445378,237.646487394958,239.418386554622,237.413243697479,119.322487394958,1.27918385578801,0.306175618384989,1.26974794734648,0.309295713549948,1.39955778854244,0.336276534455183
10086,229.351260504202,-2.60900840336134,229.066857142857,237.368638655462,227.996,117.078924369748,1.39072641596335,0.326584171147277,1.44388795006242,0.335645192943797,1.60041000126803,0.372629724022408
10087,237.810722689076,-0.836,237.716235294118,239.135798319328,237.644773109244,119.056840336134,0.383296125791228,0.132908086720875,0.364102860241377,0.132658755170305,0.386731958706001,0.142603210254432
10088,230.47068907563,-2.32746218487395,230.192033613445,237.656840336134,229.206823529412,117.40268907563,2.22875414061284,0.518126811929288,2.30255415011301,0.532809955747891,2.48212516885249,0.5752396323549
10089,NA,NA,NA,NA,237.965142857143,119.410285714286,NA,NA,NA,NA,0.618014510237469,0.180063182088023
10090,NA,NA,NA,NA,237.3,119.038218487395,NA,NA,NA,NA,0.86922655754351,0.32183723491511
10091,236.274588235294,-1.00164705882353,236.097042016807,239.055361344538,235.562823529412,118.846016806723,1.54747976886066,0.37341097064301,1.5352782628021,0.36800046167966,1.72031732211053,0.413096911419708
10092,NA,NA,NA,NA,235.494453781513,118.332168067227,NA,NA,NA,NA,1.70528062397996,0.637367947467899
10093,238.003966386555,-0.724201680672269,NA,NA,NA,NA,0.853304269536034,0.324082419440358,NA,NA,NA,NA
10094,238.693478991597,-0.380806722689076,NA,NA,NA,NA,0.428095944077841,0.124737874273456,NA,NA,NA,NA
10095,238.007966386555,-0.735428571428571,NA,NA,NA,NA,0.906514789786555,0.351328456176715,NA,NA,NA,NA
10096,239.304168067227,-0.235764705882353,239.178756302521,239.786924369748,239.090655462185,119.711394957983,0.430779589187774,0.103429158778921,0.430759716698733,0.106578123600136,0.455261485438852,0.113872518836591
10097,NA,NA,NA,NA,234.401445378151,117.919226890756,NA,NA,NA,NA,2.30299239455086,0.850981517616603
10098,NA,NA,NA,NA,238.159092436975,119.330991596639,NA,NA,NA,NA,0.61082246624169,0.231702693396242
10099,238.505008403361,-0.538151260504202,NA,NA,NA,NA,0.472133824191296,0.175614811969774,NA,NA,NA,NA
10100,NA,NA,NA,NA,237.736336134454,119.2,NA,NA,NA,NA,0.785079006442626,0.291899145188311
10101,NA,NA,NA,NA,239.070016806723,119.752739495798,NA,NA,NA,NA,0.219773603599616,0.0566231217052585
10102,NA,NA,NA,NA,236.160268907563,118.592537815126,NA,NA,NA,NA,1.1523788712207,0.425053633822872
10103,235.30218487395,-1.74823529411765,NA,NA,NA,NA,1.52943280122065,0.561200148811093,NA,NA,NA,NA
10104,238.740134453782,-0.497210084033613,238.614487394958,239.516907563025,238.477277310924,119.430319327731,0.248037316743143,0.0806972883861943,0.236942523993264,0.0795911492289499,0.255605578791579,0.0840413255349099
10105,238.028134453782,-0.686117647058823,NA,NA,NA,NA,0.316214552129796,0.105651752527897,NA,NA,NA,NA
10106,237.811226890756,-0.835596638655462,237.716672268908,239.136168067227,237.645008403361,119.057277310924,0.383268524517638,0.132915569985542,0.364004596336453,0.132545707138948,0.386630720000698,0.142416395817837
10107,225.130285714286,-3.56974789915966,224.791697478992,236.399966386555,223.164840336134,115.997378151261,5.48457767000091,1.2559685763865,5.46304528587042,1.25060980372902,6.20836914529384,1.41329782528866
10108,NA,NA,237.799327731092,239.234420168067,NA,NA,NA,NA,0.652448354456314,0.239686647313617,NA,NA
10109,NA,NA,238.405445378151,239.472806722689,NA,NA,NA,NA,0.242820088649807,0.082720358164462,NA,NA
10110,NA,NA,238.345277310924,239.46487394958,NA,NA,NA,NA,0.252952402694815,0.0842294232445599,NA,NA
10111,237.844537815126,-0.75690756302521,NA,NA,NA,NA,0.660818290870773,0.238688659668083,NA,NA,NA,NA
10112,235.654588235294,-1.11438655462185,235.472033613445,238.887092436975,235.046285714286,118.73818487395,1.59250460115615,0.380176336577922,1.606255968684,0.38265361538577,1.78999653018029,0.427816510296914
10113,238.375294117647,-0.548168067226891,NA,NA,NA,NA,0.269382539906871,0.0839659119324017,NA,NA,NA,NA
10114,NA,NA,232.654857142857,237.877647058824,NA,NA,NA,NA,2.71999664458718,0.775027068406346,NA,NA
10115,NA,NA,NA,NA,238.834588235294,119.671428571429,NA,NA,NA,NA,0.459529184581626,0.131607704762043
10116,NA,NA,NA,NA,232.627025210084,117.836235294118,NA,NA,NA,NA,2.70633190965465,0.777039766477022
10117,237.883798319328,-0.75872268907563,NA,NA,NA,NA,1.2089999701009,0.457674285844009,NA,NA,NA,NA
10118,237.94312605042,-0.73781512605042,NA,NA,NA,NA,0.644164986502374,0.242947462445799,NA,NA,NA,NA
10119,235.762487394958,-1.58544537815126,NA,NA,NA,NA,1.76564898532154,0.663699912559926,NA,NA,NA,NA
10120,234.054285714286,-2.20379831932773,NA,NA,NA,NA,3.92085550453025,1.42733039299615,NA,NA,NA,NA
10121,237.921378151261,-0.845949579831933,NA,NA,237.454789915966,119.024739495798,0.79533363966277,0.309808655417196,NA,NA,0.933114410415199,0.353205692622615
10122,229.226386554622,-3.97220168067227,NA,NA,NA,NA,6.62803796317168,2.29594911527746,NA,NA,NA,NA
10123,NA,NA,NA,NA,236.784033613445,119.055462184874,NA,NA,NA,NA,1.263106352841,0.371192275347526
10124,235.747294117647,-1.59173109243697,NA,NA,NA,NA,1.75380225977476,0.655399328693404,NA,NA,NA,NA
10125,NA,NA,235.840571428571,238.470319327731,NA,NA,NA,NA,1.34713237846724,0.499202186842741,NA,NA
10126,NA,NA,NA,NA,238.461882352941,119.47018487395,NA,NA,NA,NA,0.616697022990439,0.23219762233248
10127,NA,NA,234.99731092437,238.147798319328,NA,NA,NA,NA,1.84345463164929,0.688141234611936,NA,NA
10128,NA,NA,NA,NA,234.059495798319,118.254756302521,NA,NA,NA,NA,2.43467091739823,0.703782220835587
10129,NA,NA,233.204235294118,237.484806722689,NA,NA,NA,NA,2.39517185808366,0.873812627718881,NA,NA
10130,237.268268907563,-1.04420168067227,NA,NA,NA,NA,0.921283968672386,0.34721365631409,NA,NA,NA,NA
10131,235.484369747899,-1.73260504201681,NA,NA,NA,NA,1.92628992347803,0.722423374193991,NA,NA,NA,NA
10132,NA,NA,NA,NA,238.618857142857,119.577680672269,NA,NA,NA,NA,0.202034136459977,0.0655482200023696
10133,NA,NA,237.934016806723,239.306319327731,NA,NA,NA,NA,0.861513170273886,0.321657817240014,NA,NA
10134,NA,NA,236.436504201681,238.72087394958,NA,NA,NA,NA,1.61879259218787,0.601364098245597,NA,NA
10135,233.361042016807,-2.48564705882353,NA,NA,NA,NA,2.14582332850226,0.781768796413828,NA,NA,NA,NA
10136,NA,NA,238.269882352941,239.439394957983,NA,NA,NA,NA,0.664763398662709,0.244909787355037,NA,NA
10137,NA,NA,236.751529411765,238.840033613445,NA,NA,NA,NA,1.06076486805738,0.394354066805803,NA,NA
10138,NA,NA,237.347361344538,239.053008403361,NA,NA,NA,NA,0.879833997791633,0.334202809812733,NA,NA
10139,NA,NA,237.347798319328,239.056470588235,NA,NA,NA,NA,1.61259783634129,0.617088239627337,NA,NA
10140,NA,NA,236.083327731092,238.877176470588,NA,NA,NA,NA,1.60156835703011,0.462726446264903,NA,NA
10141,NA,NA,NA,NA,239.313344537815,119.844806722689,NA,NA,NA,NA,0.16425763982947,0.0502089241845485
10142,NA,NA,NA,NA,234.580773109244,118.436168067227,NA,NA,NA,NA,2.7075525282608,0.77637188292335
10143,236.901512605042,-1.12756302521008,NA,NA,NA,NA,1.23123482902144,0.456581487784473,NA,NA,NA,NA
10144,NA,NA,NA,NA,236.936605042017,118.903731092437,NA,NA,NA,NA,2.40655793331267,0.91140287839671
10145,NA,NA,NA,NA,237.513411764706,119.358655462185,NA,NA,NA,NA,0.748752576294155,0.184079364561989
10146,NA,NA,NA,NA,236.287092436975,119.095495798319,NA,NA,NA,NA,1.18304889607786,0.283637888539049
10147,NA,NA,234.584336134454,237.985176470588,NA,NA,NA,NA,1.9327609570865,0.716637773333525,NA,NA
10148,NA,NA,227.94137815126,235.570319327731,NA,NA,NA,NA,4.71264793451273,1.6384552811572,NA,NA
10149,NA,NA,235.890487394958,238.510890756303,NA,NA,NA,NA,1.79586882960674,0.669572914772025,NA,NA
10150,238.950722689076,-0.267764705882353,NA,NA,NA,NA,0.207586400626616,0.0511424139149529,NA,NA,NA,NA
10151,NA,NA,235.315193277311,238.287697478992,NA,NA,NA,NA,1.82622247325206,0.675433489968906,NA,NA
10152,NA,NA,NA,NA,237.727428571429,119.157008403361,NA,NA,NA,NA,0.336574494338499,0.124599391393162
10153,NA,NA,236.710218487395,238.827899159664,NA,NA,NA,NA,1.43413207938135,0.537849328077561,NA,NA
10154,235.328403361345,-1.19045378151261,235.15862184874,238.814823529412,234.687831932773,118.664537815126,1.57243294456503,0.374106821265262,1.578739926143,0.376323614453311,1.73432837952671,0.414169321816282
10155,NA,NA,235.654420168067,238.415831932773,NA,NA,NA,NA,1.33083539791804,0.495169781282492,NA,NA
10156,NA,NA,NA,NA,236.558756302521,119.102554621849,NA,NA,NA,NA,0.908095066834959,0.223065233683172
10157,NA,NA,238.279394957983,239.424302521008,NA,NA,NA,NA,0.25695890447546,0.0887273233313445,NA,NA
10158,NA,NA,236.634285714286,238.786890756303,NA,NA,NA,NA,1.38689258224331,0.518179505413389,NA,NA
10159,NA,NA,NA,NA,238.360739495798,119.407630252101,NA,NA,NA,NA,0.246464150280838,0.0859238986989242
10160,NA,NA,238.064739495798,239.34981512605,NA,NA,NA,NA,0.816653984273642,0.305254035738556,NA,NA
